Country,CC,CF,GDP,RE,CHE,CHE_GDP,CO2 ,CO2m,IMD,IMH,IMM,P,F,Handwash,Sanitation ,Water,U,Tobacco,Tobacco_fem,Tobacco_m,PM,EAB,EAS,EAP,EAL,Mortality,Deaths,OAP,OAPc,Population,Population_m,Population_f
Afghanistan,AFG,32.45,500.52298078433,18.51,74.23410411,14.8313194,11238.83,0.297563650500103,72,72,64,0.2125,4.87,45.6495836221902,51.0034810931108,73.7846429967308,26.9,23.8,7.5,40.1,52.41704109,..,..,..,..,59.9,80677,76.818367,57.02542754,37769499,19090409,18679089
Albania,ALB,81.6,5396.21422690995,40.11,..,..,4993.3,1.74946245713759,99,99,95,1.6471,1.414,..,99.1830688799465,94.7582247174548,4.3,23,6.2,39.8,18.63878032,..,..,..,..,9.4,284,..,..,2854191,1428828,1425364
Algeria,DZA,99.7,4021.98360796603,0.16,250.56077576,6.25170851,170582.4,3.99440182789199,91,91,80,..,2.988,84.5075609540377,86.1385043463065,94.2391398601614,2.5,21,0.7,41.3,32.83308539,12.8509502410889,24.826940536499,57.5232810974121,42.6240081787109,23.5,23456,33.39915466,83.68518506,42705368,21756903,20948465
American Samoa,ASM,..,13672.576657298,0.5,..,..,..,..,..,..,..,..,..,..,54.1660011590391,99.2447518116509,..,..,..,..,6.300155035,..,..,..,..,..,..,..,..,47321,23535,23786
Andorra,AND,100,41328.6004993451,18.46,3061.79052734,7.40840626,479.984,6.2872038038851,99,98,99,..,..,..,99.9999967920626,99.9999967920626,..,32,28.3,35.6,9.066401367,..,..,..,..,3,2,12.59578514,385.65656984,76343,38842,37502
Angola,AGO,49.3,2142.23875712854,54.39,69.37934113,2.65592647,24382.9,0.753638205444169,57,53,51,..,5.442,26.9597996146697,51.3936226824603,56.8830374949169,17.9,..,..,..,28.4208104,..,..,..,..,75,93053,37.88715363,26.28585701,32353588,15983035,16370553
Antigua and Barbuda,ATG,100,18187.7797117112,0.69,801.54382324,4.37567186,509,5.52558159731646,95,99,93,..,1.468,..,97.3994801016802,98.3650387230105,..,..,..,..,17.59200058,..,..,..,..,6.6,7,24.26510048,194.49540733,92117,43961,48156
Argentina,ARG,99.9,9963.67423069626,10.74,958.52349854,9.47170544,168162,3.74202981162433,83,83,86,4.0685,1.994,..,..,..,3.5,24.9,19.9,29.8,13.51118918,..,..,..,..,8.6,5778,26.80958176,256.97613569,44938712,22249019,22689693
Armenia,ARM,98.1,4828.50488860645,10.34,549.47436523,11.3798008,6195.6,2.1965523671897,92,92,95,..,1.575,94.4004987283622,93.8578716530954,99.9281719305937,3.1,25.8,1.5,50,33.65637939,..,..,..,..,11.8,444,84.79430389,465.9229727,2820602,1274767,1545834
Aruba,ABW,..,31902.7625819564,8.18,..,..,..,..,..,..,..,..,1.486,..,98.7217883612824,..,..,..,..,..,..,..,..,..,..,..,..,..,..,106442,50188,56254
Australia,AUS,100,54941.0657202842,10.06,5555.37402344,10.22989082,395199.1,15.595726745355,95,95,94,3.8503,1.657,..,100,99.9698543658953,2.5,14,11.9,16,6.745497859,35.4619789123535,77.8000411987305,..,93.8737487792969,3.8,1171,14.69235134,816.21512256,25340217,12570509,12769708
Austria,AUT,100,50070.4033482892,33.98,5262.05419922,10.47507858,64497.8,7.26333120118199,85,85,95,5.2734,1.46,..,99.9727098850505,99.9999965908061,2.5,27.1,25.6,28.6,12.16821803,15.3087100982666,75.3927764892578,..,..,3.6,305,17.90847397,942.35369785,8879920,4367938,4511982
Azerbaijan,AZE,98,4805.75371765917,1.62,191.75552368,4.0731144,35521,3.54349533028946,94,94,98,3.1678,1.81,..,96.1290294533043,95.667747770716,2.5,24.2,0.1,48.2,25.4950546,12.4977598190308,84.8778915405273,97.8473815917969,93.6227416992188,20.4,3001,68.31981659,131.00702176,10024283,4948191,5076093
"Bahamas, The",BHS,100,32279.0113630465,1.18,1921.1270752,5.90402126,2622.7,6.48289363427156,89,89,83,..,1.398,..,94.9305823307593,98.8869604973405,..,10.7,2.5,18.8,15.59065792,..,..,..,..,23.4,111,26.35405159,506.29479621,404557,193737,210821
Bahrain,BHR,100,25869.1129129041,0,1024.39054519,3.95980344,32966.8,22.063354812112,99,99,99,..,1.857,..,100,99.921837339959,..,15.2,4.6,25.7,59.21710593,..,..,..,..,7.1,144,29.97935416,307.10566954,1494188,933409,560779
Bangladesh,BGD,23.5,2122.0783861524,26.37,47.66782379,2.620749,92645,0.559733655592985,98,98,97,0.6367,2.031,55.1293324449055,54.9102399606066,97.8251365713411,11,35.2,17.9,52.5,63.4255285,6.6717700958252,26.8390102386475,57.3168601989746,41.1294212341309,30.4,91820,72.05020905,34.34476444,165516222,82164179,83352043
Barbados,BRB,100,19002.9623813263,2.79,1171.25622559,6.1940732,1167.27,4.16614319366122,90,90,92,..,1.623,..,98.0924623115578,98.5144504186196,3.7,8.5,1.9,15,21.34389367,..,..,..,..,12.7,39,46.72623062,547.28390409,280180,134222,145957
Belarus,BLR,99.6,6837.76723174438,7.81,390.24972534,5.86133814,57681.2,6.12342695003417,98,97,98,4.5382,1.382,..,99.3407614255289,98.3919868544727,2.5,30.9,13.6,48.2,16.42351285,29.872350692749,93.8744812011719,99.7609024047852,97.4785385131836,3.1,310,25.69003105,100.25527491,9419758,4350290,5069468
Belgium,BEL,100,46641.7116578097,10.2,4983.65673828,10.6635952,92989.4,8.09379074556662,97,97,96,3.1495,1.6,..,99.4861988308489,100,2.5,23.9,21.4,26.3,12.6724532,36.8619995117188,70.5602569580078,96.3382873535156,87.210319519043,4.1,483,18.97733116,945.76503137,11488980,5667234,5821746
Belize,BLZ,83.1,6210.56554311929,30.43,303.53390503,6.07060003,736.2,1.89208291034323,98,98,96,..,2.106,90.2699941627287,88.1985036524971,98.4005497674635,6.8,8.8,1.9,15.6,21.17639652,..,..,..,..,12.3,94,23.93080711,72.63811297,389095,195944,193151
Benin,BEN,4.8,1170.96553298105,46.47,27.17067146,2.32052207,7475.5,0.60823677321991,76,76,68,0.0647,5.13,11.4661562923965,18.6298545928192,66.672267150753,7.7,7.2,2,12.3,46.8584555,1.68247997760773,3.86528992652893,17.3519496917725,8.46360969543457,88.6,39723,46.20043564,12.55296802,12290444,6152125,6138319
Bermuda,BMU,..,116153.166121638,0.81,..,..,..,..,..,..,..,..,1.3,..,99.9416526015971,99.9031400170636,..,..,..,..,7.069562328,..,..,..,..,..,..,..,..,63911,30926,32985
Bhutan,BTN,84.6,3303.96230868215,82.85,115.32080841,3.60361075,1433,1.86720072342627,97,97,97,0.46,1.46,90.9107377742463,75.403670277365,98.872312239386,..,..,..,..,40.29859817,..,..,..,..,28.5,298,17.79043007,20.51606702,767459,407103,360356
Bolivia,BOL,86.5,3472.38083136442,13.52,239.17544556,6.88792992,21828.8,1.85346150629409,75,75,79,..,2.688,26.9113600042049,63.8163098248026,92.5659538959925,11.9,13.2,5.3,21.1,26.83286559,23.4320697784424,44.6300010681152,62.8699989318848,57.310001373291,26.6,6968,23.99159813,57.3820112,11777315,5916395,5860919
Bosnia and Herzegovina,BIH,41.9,6094.72321376258,36.84,543.98284912,9.04909897,21124.3,6.28566395622831,73,80,68,..,1.368,..,..,96.1237006211931,2.5,35.5,28.3,42.6,29.46633319,..,..,..,..,5.9,179,29.35281181,159.67425967,3360711,1652504,1708207
Botswana,BWA,64.8,6691.16105117407,25.74,408.89599609,6.12193108,7198.3,2.8796632558601,95,95,97,..,2.883,..,79.751688865621,92.2214029742791,22.1,19.8,8.9,30.7,24.71873626,..,..,..,..,37.7,2326,4.49591064,18.38359745,2499702,1233202,1266499
Brazil,BRA,96.3,8845.3239312417,47.58,850.43286133,9.61449146,434318,2.05077012882977,70,72,91,2.3106,1.703,..,89.298795927984,98.9355439518362,2.6,13.2,9.7,16.7,11.65399121,..,52.4099998474121,84.75,64.4599990844727,14.9,43702,24.87984657,211.58640893,211782878,104119798,107663080
British Virgin Islands,VGB,..,..,1.25,..,..,..,..,..,..,..,..,0.948,..,..,99.8643835616439,..,..,..,..,..,..,..,..,..,11.2,2,..,..,30610,14786,15825
Brunei Darussalam,BRN,100,30748.3201899098,0.01,674.65161133,2.19410944,7057.8,16.111932938856,99,99,97,..,1.819,..,95.8309192020188,99.9000453399775,5.8,16.2,2.4,30,7.680643971,..,..,..,..,11.4,74,5.59261751,37.73068246,438048,226876,211173
Bulgaria,BGR,..,9878.76887237072,19.32,697.8963623,7.08924437,39159.9,5.61371010274005,93,93,95,..,1.58,..,86.0247237413144,99.1448780003009,3,39.4,37.1,41.7,19.36594583,..,..,..,..,6.7,420,38.9731369,271.99207399,6975761,3383675,3592085
Burkina Faso,BFA,10.3,772.166877547544,67.2,41.07073212,5.38121271,5646.5,0.26950158887331,91,91,88,0.094,4.971,8.98098201878805,22.8240692453658,49.0028525018525,14.1,14.9,6.9,22.8,53.67033962,0.926429986953735,4.99406003952026,12.3691701889038,10.0595197677612,88.2,66533,34.69356155,14.24889954,20951639,10431262,10520378
Burundi,BDI,0.2,216.972970864849,84.84,16.58985329,6.53989458,707.4,0.0595713389942667,93,93,92,..,5.271,6.142880092375,45.7452763887701,62.094321278238,..,12.2,6.4,18,33.27977863,..,..,..,..,56.7,24239,30.74374962,5.10034274,11874838,5894278,5980560
Cabo Verde,CPV,79.7,3928.30909558631,22.41,173.98080444,5.06559896,617.2,1.06961509800184,96,97,98,..,1.932,..,78.8249564795012,88.5908710915054,14.5,11.7,5.6,17.7,51.11721004,..,..,..,..,15,153,26.75374603,46.54638289,577030,286974,290056
Cambodia,KHM,34.5,1671.38540009767,53.05,115.25953674,6.89604807,18093.2,1.11633042620485,92,92,84,..,2.402,76.8491003218309,66.957416421946,75.3367210731245,6,21.9,6.3,37.4,22.1120864,0.121030002832413,6.4838399887085,31.1973705291748,13.3149995803833,26.8,8893,64.39125061,74.21705955,16207746,8021264,8186482
Cameroon,CMR,22.7,1538.68791202148,78.79,56.18640518,3.65157914,9557.3,0.370691707164993,67,67,60,..,4.623,36.2706290391489,42.4008580058119,67.9904842171552,6.7,7.5,1.5,13.5,64.47088106,..,..,..,..,75.1,68152,72.18878174,40.56028247,25782341,12855489,12926852
Canada,CAN,100,46374.1527517191,22.47,5083.72558594,10.95021915,566001.8,15.0527469447143,91,84,90,2.4425,1.47,..,98.7573271465461,99.2216549751961,2.5,13.6,11.3,15.8,7.100156005,..,..,..,..,5.2,1897,15.03504467,764.34040217,37601230,18680213,18921018
Cayman Islands,CYM,..,89846.3210991824,0,..,..,..,..,..,..,..,..,..,..,83.3302417177914,95.6110429447853,..,..,..,..,..,..,..,..,..,..,..,..,..,66134,33285,32849
Central African Republic,CAF,0.800000000000001,426.408752988942,91.26,34.23019409,7.82838726,235.4,0.0451882048419334,42,42,41,..,6.008,20.9638788703953,14.4819824288711,38.2122671248287,49.2,..,..,..,46.3767539,1.05831003189087,3.26021003723145,19.3335609436035,7.25777006149292,105.9,22396,60.87836075,20.83878097,5209324,2605852,2603472
Chad,TCD,6.6,701.621200811434,72.78,30.53188515,4.47938061,1583.6,0.0981963885605548,50,50,41,0.0539,6.412,24.4317139521309,12.2940188961564,50.4980643454126,31.7,8.5,2.8,14.2,59.2825236,0.629499971866608,1.84052002429962,10.0752696990967,3.70809006690979,114.3,77923,62.62454605,19.12045365,16126866,8094822,8032044
Channel Islands,CHI,..,61281.3272247009,..,..,..,..,..,..,..,..,..,1.441,..,..,..,..,..,..,..,..,..,..,..,..,..,..,..,..,169410,83603,85807
Chile,CHL,100,14627.14501648,25.27,1369.48400879,9.33272266,91915.4,4.82762007480769,96,96,95,2.6614,1.545,..,100,100,2.6,29.9,27.5,32.3,22.76585719,..,..,..,..,7.1,1599,32.80002975,449.19116365,19039485,9450404,9589082
China,CHN,79.4,10143.8602060373,14.33,539.6194458,5.3502779,10762824,7.64543578560038,99,99,99,2.2266,1.496,97.1092429077146,91.2881365395444,95.3173719016687,2.5,25.7,1.7,49.7,47.67263439,..,..,..,..,8,125692,35.23001862,190.1080505,1407745000,719565010,688179990
Colombia,COL,92.1,6436.50921529531,31.5,522.54925537,8.1165638,79186.7,1.57782014077396,94,92,95,2.2522,1.765,69.724608105128,92.151091537794,96.8925246726353,7.2,8.8,4.7,12.8,22.01072747,12.6854696273804,52.4799995422363,80.5699996948242,57.1599998474121,13.7,10009,14.12572575,73.81387538,50187406,24779301,25408106
Comoros,COM,9.60000000000001,1510.7973226286,53,77.80075073,5.18044472,326.2,0.412396679587249,91,91,90,..,4.125,..,35.9066757549833,80.2105014769868,..,20.8,11.7,29.9,17.15567571,..,..,..,..,53.1,1264,61.82796478,48.10261995,790986,397126,393860
"Congo, Dem. Rep.",COD,4.2,575.882781272568,96.29,19.85771751,3.54229975,3031.2,0.0337148799163223,73,73,65,..,6.253,19.084077439722,16.4166624601584,35.678057309253,37.7,13,3.1,22.9,35.86088793,..,..,..,..,84.4,312418,38.49700546,7.64462581,89906890,44600412,45306478
"Congo, Rep.",COG,32.2,2288.80808614703,69.97,58.90272522,2.56553078,7006.1,1.25766214248646,79,79,73,..,4.296,48.1857799471856,20.3642631107744,73.5958698078761,29.9,14.3,2.2,26.4,39.30341272,..,..,..,..,52.4,9202,42.17203903,24.84047787,5570733,2781753,2788979
Costa Rica,CRI,95.4,12669.3411617396,33.42,914.88470459,7.2212491,7956.4,1.56482445188662,95,97,95,..,1.632,85.6755177729412,97.8532216953258,99.7975293659545,3.4,9.1,4.8,13.4,17.42174135,..,39.189998626709,82.8099975585938,48.0999984741211,8.2,550,22.32456398,204.24403784,5084532,2546376,2538156
Cote d'Ivoire,CIV,28.7,2290.78737894782,62.41,73.64801652,3.28960407,10838.9,0.414528305155615,81,81,73,0.1623,4.538,20.9474827178564,34.7779674572536,72.541058171011,4.7,9.7,0.9,18.5,55.62337378,..,..,..,..,79.7,70460,37.26046365,27.44159242,26147551,13218128,12929424
Croatia,HRV,100,15086.2117396215,31.6,1040.08569336,6.81108999,16523.3,4.06451947763153,94,93,93,3.4651,1.47,..,96.1508301589796,..,2.5,36.7,35.6,37.8,18.46495986,..,..,..,..,4.7,175,11.4647665,119.24338834,4065253,1976146,2089106
Cuba,CUB,94,9139.41585605765,23.14,1013.10137939,11.08496857,24418.5,2.15774090266798,99,99,99,..,1.551,91.0320047553137,90.6561903272549,94.1484823370466,2.5,18.7,10.9,26.4,17.72659724,17.52419090271,55.8309898376465,91.3904571533203,78.6480712890625,5.2,599,10.85016251,109.92314316,11316697,5628282,5688414
Curacao,CUW,..,19024.1771511889,2.48,..,..,..,..,..,..,..,..,1.6,..,..,..,..,..,..,..,..,..,..,..,..,..,..,..,..,157441,76024,81416
Cyprus,CYP,100,29417.921875,11.97,2043.67858887,6.94943047,7191,5.85187933947248,96,94,86,3.1437,1.332,..,99.3958159908827,99.7651923631792,2.5,35.5,23.2,47.7,15.57380293,..,..,..,..,2.8,37,32.12443161,656.52014389,1228836,615637,613199
Czechia,CZE,100,23664.8478631108,15.88,1803.05273438,7.60487127,97712.9,9.15611790623386,97,97,92,4.0601,1.71,..,99.1371345347108,99.8804688935076,2.5,30.9,26.5,35.2,16.75140093,20.9466800689697,87.3603668212891,99.8790512084961,99.8369369506836,3,335,14.09247494,254.09473064,10671870,5255756,5416114
Denmark,DNK,100,59592.9806886454,37.29,6058.83007813,10.12139606,29696.5,5.10738642637222,97,..,96,..,1.7,..,99.5972319033954,100,2.5,18.1,17.8,18.4,9.785959755,..,..,..,..,3.8,228,13.79444122,835.78178055,5814422,2890926,2923497
Djibouti,DJI,9.20000000000001,2876.04366371536,26.99,62.30675125,2.01711535,428.27,0.398763866464803,85,85,83,..,2.891,..,66.638239753157,75.9957463626693,13.1,..,..,..,43.16577438,..,..,..,..,57.9,1397,31.23415756,19.46098893,1073994,533626,540367
Dominica,DMA,89.6,8561.58701121461,7.91,442.51159668,5.13174009,174.1,2.43741949935599,99,99,92,..,1.611,..,..,..,6.5,..,..,..,18.60844325,..,..,..,..,35.2,33,33.85964203,149.83284494,71428,35673,35755
Dominican Republic,DOM,90.9,8173.34464573914,14.89,346.50790405,4.23948717,25775.2,2.36863439614581,89,87,96,1.4518,2.344,49.4131682229902,87.2031083799599,96.1401141515674,7,10.9,6.8,15,17.72938154,17.5502490997314,45.4900016784668,73.9599990844727,66,34.3,7250,27.94108391,96.81806168,10881882,5472410,5409472
Ecuador,ECU,94.5,6233.25816692363,17.73,487.33145142,7.81824636,39631.4,2.28505501120289,85,85,83,..,2.088,87.1506423235772,90.0032406646583,95.0112246263964,13.7,11.6,4.3,18.9,19.97447395,..,42.6100006103516,81.5699996948242,51.8899993896484,13.4,4014,30.87841606,150.48022657,17343740,8672767,8670974
"Egypt, Arab Rep.",EGY,99.9,3017.25833578941,6.23,145.3107605,4.83619261,217908.3,2.06316078338081,95,95,95,0.7463,3.001,89.8282405087092,97.2005582635653,98.7614152226307,5,24.4,0.4,48.3,67.88817813,..,..,..,..,20.3,51294,62.50626373,90.8283265,105618671,53429404,52189268
El Salvador,SLV,90.7,4280.28840404719,19.38,364.13085938,8.502141,7912.7,1.25994054027114,81,81,82,..,1.838,..,86.8216058122908,97.8203480942147,8.3,8.3,1.8,14.7,22.32472418,7.70890998840332,31.8099994659424,57.9000015258789,42.9900016784668,13.3,1394,36.01626587,131.14634278,6280217,2992539,3287678
Equatorial Guinea,GNQ,24,7317.39002392701,8.12,222.7387085,3.0297935,4876.5,3.13998883473672,53,53,53,..,4.429,..,..,..,..,..,..,..,45.28465901,..,..,..,..,81.9,3952,75.40167236,167.94870754,1553031,821881,731149
Eritrea,ERI,11.1,..,80.55,25.25788498,4.45916176,697.2,0.199267295412336,95,95,93,0.0709,3.997,..,..,..,..,7.7,0.2,15.1,44.07053957,..,..,..,..,40.6,4093,43.19180298,10.90933654,3498818,1724860,1773958
Estonia,EST,100,23424.4847073513,31.34,1598.83752441,6.82277584,10060.7,7.58212010267556,91,91,88,3.4724,1.66,..,99.0771583771511,99.9872873090016,2.5,30.5,23.5,37.4,5.893562381,..,..,..,..,2.3,32,24.0690937,384.82566312,1326898,627427,699471
Eswatini,SWZ,54.7,3818.54042507683,65.47,259.24450684,6.74539423,1169.5,0.999903386846761,90,90,81,..,2.921,24.2519427260086,64.5214314372907,70.4275345963468,11.1,9.3,1.9,16.7,23.34521196,..,..,..,..,56.9,1697,10.58059025,27.42960165,1169613,579801,589812
Ethiopia,ETH,6.2,840.449603427131,89.5,26.22917175,3.23382378,17708,0.155169188831947,68,68,58,..,4.323,8.1001707949846,8.65203916056794,47.2539785569372,21.9,5.2,1.4,9,33.7807199,..,3.45622992515564,15.8803796768188,7.4915599822998,50.9,185220,37.9252243,9.94747167,114120594,57375433,56745161
Faroe Islands,FRO,..,63382.753141994,5.4,..,..,..,..,..,..,..,..,2.408,..,..,100,..,..,..,..,..,..,..,..,..,..,..,..,..,51681,26749,24932
Fiji,FJI,47.9,5968.31955666383,26.48,228.35894775,3.81606841,1393.5,1.51720533716581,99,99,96,..,2.519,86.3659604469156,93.7099411678697,95.3833140482255,4.9,23.4,10.6,36.2,10.9932094,..,..,..,..,26.9,502,13.19460773,30.13106855,918465,461366,457099
Finland,FIN,100,48629.8582283024,45.6,4460.109375,9.17165565,40987.1,7.42303960115952,91,..,96,..,1.35,..,99.4479650642653,100,2.5,22.2,16.6,27.7,5.565330197,28.0729503631592,78.4739532470703,..,..,2.3,108,17.42399406,777.12916159,5521606,2725793,2795813
France,FRA,100,40494.8982936269,15.53,4508.34130859,11.09835148,300561.6,4.46016494835631,96,91,92,3.2735,1.86,..,98.6484145544858,100,2.5,33.6,31.9,35.2,11.40575038,19.4608707427979,69.9756088256836,97.4697189331055,83.5366134643555,4.3,3098,9.458951,426.44176635,67388001,32586250,34801750
French Polynesia,PYF,..,20093.2086174285,7.67,..,..,..,..,..,..,..,..,1.712,..,97.0033810791135,100,4.1,..,..,..,..,..,..,..,..,..,..,..,..,299717,151899,147819
Gabon,GAB,88.8,7523.8622784602,89.78,208.28834534,2.76836324,5274.5,2.35176354398661,70,70,62,..,3.615,..,49.7848246840842,85.9840211658641,16.6,..,..,..,36.74675483,..,..,..,..,43.2,2726,23.08802223,48.08965671,2242785,1144323,1098462
"Gambia, The",GMB,1.8,722.875350964205,47.32,22.83255005,3.158566,606.9,0.241900479217245,88,88,85,0.1073,4.869,12.9120231633742,47.2014093324921,83.8990207770481,18,11.6,0.9,22.2,58.08072376,..,..,..,..,51.5,4380,20.21388626,4.61534544,2508883,1247342,1261541
Georgia,GEO,87.6,4696.15058555612,24.69,308.56665039,6.65744209,10549.6,2.83579124666916,94,94,99,7.0784,2.011,91.667342972396,86.5320783368937,94.4360269319349,7.8,31.7,7,56.3,17.85586499,34.7629318237305,91.6939392089844,98.9626083374023,97.1454391479492,9.7,514,46.7677536,144.30969363,3720161,1750910,1969251
Germany,DEU,100,46793.6867615995,17.07,5478.10253906,11.69622993,658693.5,7.9271876239049,91,88,97,4.3716,1.54,..,99.2253840840528,99.9999995489977,2.5,22.5,20.4,24.6,11.80580716,..,..,..,..,3.7,2884,13.47565937,738.21043902,83092962,40996355,42096607
Ghana,GHA,27.3,2167.92544002254,42.6,73.52350616,3.39142489,18039.1,0.572264895729339,97,97,92,0.1064,3.683,41.4675932423186,24.9960729195517,85.2423371017475,5.2,3.6,0.4,6.8,53.98926008,..,..,..,..,47.2,42193,35.78432083,26.30988644,31522290,15723678,15798612
Gibraltar,GIB,..,..,0,..,..,..,..,..,..,..,..,1.863,..,100,100,..,..,..,..,..,..,..,..,..,..,..,..,..,32685,16320,16366
Greece,GRC,100,19144.2843875557,18.52,1569.02905273,8.20262337,59990.3,5.59528435262632,99,96,97,6.3072,1.34,..,98.9902622377645,99.9999992981031,2.5,34.5,31.2,37.7,14.2538714,..,..,..,..,4,334,33.64272308,527.86407123,10721582,5254476,5467106
Greenland,GRL,..,53309.5792663647,10.84,..,..,..,..,..,..,..,..,2.08,..,62.5,100,..,..,..,..,6.462977097,14.4744501113892,45.8143310546875,100,100,..,..,..,..,56225,29662,26563
Grenada,GRD,89.2,9887.92074235834,10.37,487.60290527,4.93189621,346.2,2.82096411459861,92,94,94,..,2.042,..,..,..,..,..,..,..,21.48591655,..,..,..,..,16.5,34,54.42095566,265.35817883,122724,61483,61240
Guam,GUM,..,37752.633077142,3.53,..,..,..,..,..,..,..,..,2.623,..,90.1852545469869,99.6952,..,..,..,..,8.221834725,..,..,..,..,..,..,..,..,168624,85102,83522
Guatemala,GTM,46.3,4647.80734000427,62.82,278.54898071,6.18663979,19017.8,1.14537281500282,85,85,90,..,2.61,76.7664176720701,68.2436687072873,93.5077090807793,16.3,11,1.6,20.4,27.64788197,4.11011981964111,22.4281196594238,46.0521011352539,29.4545993804932,24.6,9791,55.9891777,155.95727486,16604026,8223795,8380231
Guinea,GIN,0.900000000000001,1043.89988619523,68.27,42.68258286,4.06729603,4517,0.350765779082478,47,47,47,..,4.576,20.4017047132877,27.606397594017,67.6752472334276,..,..,..,..,52.51253174,..,..,..,..,104,46437,59.2154274,25.27467612,12877539,6349991,6527547
Guinea-Bissau,GNB,1,730.611432269736,86.2,61.00823593,8.35054398,325.3,0.16508860634868,78,78,79,..,4.172,16.5820498383063,24.9811064482039,61.374471808356,..,9.3,0.9,17.6,54.06829369,..,..,..,..,79.5,4979,65.14950562,39.74656324,1970457,971745,998712
Guyana,GUY,79.5,6477.29672607993,11.31,319.36257935,4.93049145,2795.9,3.50033114116629,99,99,98,..,2.44,81.2159242667084,89.1498898157526,94.9483638235288,5,12.6,2.5,22.7,20.10090382,4.73506021499634,36.3450584411621,84.6027297973633,58.0942993164062,29.4,481,34.83069611,111.23620258,798753,392821,405932
Haiti,HTI,4.1,1345.47505482083,76.37,49.08564227,3.91107914,3317.34,0.297241022260954,51,51,65,..,2.919,22.2645912021566,36.9385275856622,66.3209862141568,46.4,7.9,3.2,12.5,19.03230796,..,..,..,..,62.5,16829,39.03829004,19.1621954,11160438,5535128,5625310
Honduras,HND,48.6,2519.36619342175,46.16,184.03918457,7.30497599,10196.4,1.02385531471622,88,88,89,..,2.427,84.8007549465735,81.952553182089,94.6068475212683,13.3,..,..,..,22.87512366,11.0530700683594,27.7999992370605,62.2099990844727,33.939998626709,17.8,3804,52.46878433,96.56312154,9958829,5031794,4927035
"Hong Kong SAR, China",HKG,..,48359.0032522111,0.23,..,..,..,..,..,..,..,..,1.064,..,96.5173550087873,100,2.5,..,..,..,..,..,62.281078338623,94.0477600097656,77.1004333496094,..,..,..,..,7507900,3467315,4040585
Hungary,HUN,100,16786.2136399075,13.64,1053.72363281,6.29731894,47261.8,4.8368762665486,99,..,99,3.5248,1.55,..,97.9861353715644,100,2.5,32.2,28,36.4,16.49434933,..,..,..,..,4.1,382,27.80134964,292.94939962,9771141,4678279,5092862
Iceland,ISL,100,68403.1448095284,81.57,5865.23144531,8.5256052,1638.2,4.54345010442003,92,..,93,4.1416,1.74,..,98.7811023801508,99.9999984604769,2.5,12.6,12.5,12.6,5.698616135,42.4569816589355,73.7419281005859,..,99.4036483764648,2.7,11,15.54543591,911.77576674,360563,184880,175683
India,IND,63.3,2050.16378973235,33.27,60.66871643,2.94352531,2423951.4,1.75253436625037,91,91,95,..,2.109,70.1335988725305,69.6631460883283,91.5622211412629,14.6,28.1,13.7,42.4,83.19931634,..,..,50.131950378418,36.1479682922363,34.3,819727,53.379879,32.38488775,1383112050,714325057,668786993
Indonesia,IDN,81.6,4151.22755454135,19.77,120.58958435,2.90491366,605290.6,2.24528577070833,85,85,88,0.4651,2.215,78.4158442814724,82.0727007179025,91.8137421547406,6.2,37.2,3.8,70.6,19.37146134,..,..,..,..,23.8,108758,34.76155853,41.91881496,269582878,135798442,133784436
"Iran, Islamic Rep.",IRN,96.7,3276.75326508099,1,450.59701538,5.94786263,625251.5,7.22298000274987,99,99,99,..,1.77,..,90.0210873435845,97.3236128720162,4.9,14,3.3,24.7,38.01508315,..,..,..,..,13.5,19049,39.49374771,177.95764934,86564202,43792157,42772045
Iraq,IRQ,99,5621.18169491752,1.04,239.57891846,4.25629616,180687.6,4.34726413932218,84,84,82,..,3.604,96.6975955558301,97.8648532741405,97.7787852249274,17.4,18.8,2,35.5,48.46825216,..,..,..,..,26.2,30399,50.09696198,120.02175982,41563520,20788703,20774818
Ireland,IRL,100,80927.0746710651,12.33,5430.99707031,6.6733737,35812.2,7.25774875667262,94,93,91,3.352,1.71,..,89.3073908166857,96.0041044843285,2.5,21.4,19.7,23.1,7.854094218,..,..,..,..,3.3,203,11.82679081,642.31267759,4934340,2444120,2490220
Isle of Man,IMN,..,87152.4530174045,1.9,..,..,..,..,..,..,..,..,1.614,..,100,99.4745862903226,..,..,..,..,..,..,..,..,..,..,..,..,..,83933,41583,42350
Israel,ISR,100,44452.2325623093,4.49,3454.46801758,7.47252941,62796.3,6.9357521537442,98,96,99,3.5781,3.01,..,99.9420152981856,99.9999972375092,2.5,21.6,13.9,29.3,19.75989688,..,..,..,..,3.5,637,21.03798294,726.75040415,9054000,4509772,4544229
Italy,ITA,100,33673.7509627414,17.27,2910.62792969,8.6563549,317223,5.31103098673157,96,95,94,3.9958,1.27,..,99.8852240140235,99.9170340740928,2.5,23.3,19.6,26.9,16.08828133,..,..,..,..,3,1290,23.46083832,682.85774092,59729081,29090818,30638263
Jamaica,JAM,84.2,5626.17040261069,9.2,343.06192017,6.09761,8394.3,2.98328969678791,96,96,94,..,1.37,..,86.6316041352183,90.997352554366,7.5,9.7,3.9,15.5,15.28940246,..,..,..,..,13.2,457,16.43945885,56.3975268,2813773,1396657,1417116
Japan,JPN,100,40415.9567649547,7.76,4378.77490234,10.75110722,1073645.3,8.47840057488964,98,99,96,..,1.36,..,99.9465277383563,99.0623169265831,2.8,20.5,10.2,30.8,13.46980666,..,..,..,..,2.5,2193,12.92639256,566.01762601,126633000,61567714,65065286
Jordan,JOR,99.9,4159.67140765344,8.46,314.88452148,7.56996918,23147.9,2.16362144761182,89,89,87,2.6614,2.918,..,97.2214886294743,98.9513662051964,14.6,34.6,12.7,56.5,30.64558855,..,..,..,..,15.5,3711,30.33984375,95.53546563,10698683,5555605,5143079
Kazakhstan,KAZ,93.8,9812.59553636276,1.85,270.01306152,2.78745699,204592.2,11.0508703486337,97,97,99,3.9914,2.9,..,97.8696948845301,95.4270288711281,2.5,23.5,6.9,40.1,20.29485447,..,..,..,..,10.2,4093,33.86382675,91.43675834,18513673,8890215,9623458
Kenya,KEN,19.5,1970.0800629654,71.42,86.06783295,4.36111116,19481.9,0.382362032876395,91,91,89,..,3.469,37.4470483463203,35.2957947881613,60.8607832568561,25.6,11.5,2.9,20.1,21.61458718,3.62670993804932,27.066089630127,69.8176498413086,55.1886100769043,39.4,57117,24.29976273,20.91427993,50951450,25272193,25679257
Kiribati,KIR,10,1410.01508996396,42.59,163.10388184,11.38678551,73.6,0.592397034795277,97,94,94,..,3.368,55.5194864593371,44.0010104812494,73.7493673795618,4,41.7,28.2,55.2,9.468882294,..,..,..,..,51.4,178,0.1049399,0.17116105,124241,60390,63851
"Korea, Dem. People's Rep.",PRK,11.1,..,11.31,..,..,55548.4,2.15676369121383,97,97,98,..,1.84,..,84.6194906759029,93.8236859124211,43,17.8,0,35.5,44.32957478,..,..,..,..,17.3,5968,..,..,25755441,12707874,13047566
"Korea, Rep.",KOR,100,31902.4169048194,3.23,2595.22338867,8.14101028,612133.7,11.8252835873752,98,98,98,2.4843,0.918,..,99.8540106204028,99.7657984771461,2.5,21.4,6,36.8,27.44033926,..,..,..,..,3.1,1025,30.24508095,784.92746245,51764822,25874966,25889856
Kosovo,XKX,..,4416.03132183173,..,..,..,..,..,..,..,..,..,1.546,..,..,..,..,..,..,..,..,..,..,..,..,11.2,228,..,..,1788878,892156,896722
Kuwait,KWT,100,30666.2206640015,0.06,1643.56970215,5.35958719,93863.6,21.1352142487222,92,92,97,..,2.159,..,100,100,2.5,17.9,2.3,33.5,60.96648013,..,..,..,..,8.8,501,10.7205658,176.19997404,4441100,2738222,1702878
Kyrgyz Republic,KGZ,77.8,1374.03113638998,28.31,63.05092621,4.49454117,10017.4,1.55159381679626,95,95,96,..,3.3,98.2842647450298,97.7777140188615,89.8588080901834,5.2,27.6,3.3,51.8,24.07288994,..,..,..,..,18.3,3067,46.181427,29.11781778,6456200,3170125,3286075
Lao PDR,LAO,7.9,2598.50552320723,48.72,67.81835938,2.60029101,19170.9,2.65817514097581,80,80,83,..,2.571,55.4509079969042,78.948092429375,85.099831820973,5.4,32.5,10.9,54.1,20.54733513,..,..,..,..,45.8,7516,41.83228683,28.36996937,7212053,3636206,3575847
Latvia,LVA,100,17945.2222164981,41.48,1183.1151123,6.62088203,7569.1,3.95496550880907,99,99,99,3.2795,1.61,..,92.4131252688765,98.7382545669579,2.5,37.2,23.8,50.6,12.01165835,37.139778137207,92.9110794067383,100,..,4,77,35.22696686,416.77559009,1913822,883240,1030582
Lebanon,LBN,..,8925.42186018651,5.13,731.67156982,7.89909458,26916.5,4.65529798386588,83,80,82,2.2071,2.13,..,99.0673793809694,92.6,9,38.4,29.2,47.6,28.96029994,..,..,..,..,8.7,846,36.26387024,265.33242675,5781907,2814124,2967783
Lesotho,LSO,39.6,1094.49943775496,39.47,120.54795837,11.40502262,2300.1,1.03342675704115,87,87,90,..,3.094,5.4802286979334,48.4279247089124,72.8773752061875,31.2,24.4,5.7,43.1,27.52281327,..,..,..,..,77.2,4588,14.02660656,16.9087866,2225702,1097956,1127746
Liberia,LBR,0.4,665.878447568436,89.71,52.09077454,8.4314146,1146.2,0.229916460209228,70,70,68,..,4.257,2.6479285376764,20.7619736101479,74.1609602963714,39.2,8.4,2.1,14.7,50.59973692,..,..,..,..,80.6,12791,54.36148071,28.31731741,4985289,2479442,2505847
Libya,LBY,..,10542.4290203358,3,..,..,54692.7,8.32576759513649,73,73,73,..,2.539,..,92.1060022089555,99.8915237987819,..,..,..,..,38.59119845,..,..,..,..,11.5,1432,..,..,6569088,3329012,3240076
Liechtenstein,LIE,..,167259.160311816,56.13,..,..,149.025716,3.8726083883374,..,..,..,..,1.48,..,99.95,100,..,..,..,..,..,..,..,..,..,..,..,..,..,38482,19102,19381
Lithuania,LTU,100,19598.4008704357,33.54,1369.97949219,6.99864721,11735.8,4.20015196105273,92,92,93,4.6268,1.61,..,93.7683252267195,98.0014728864191,2.5,32.3,21.8,42.8,10.37350411,..,..,..,..,3.8,109,32.27022552,442.09547157,2794137,1306199,1487938
Luxembourg,LUX,100,112621.821337402,16.45,6221.73876953,5.44119692,9500.3,15.3230398015487,99,96,99,..,1.34,..,97.5942628469242,99.8767046171651,2.5,21.6,20.1,23,10.06890585,..,..,..,..,2.8,17,9.62097168,598.59172365,620001,311845,308156
"Macao SAR, China",MAC,..,83183.4723863046,8.43,..,..,..,..,..,..,..,..,1.077,..,100,100,4.6,..,..,..,..,..,..,..,..,..,..,..,..,663653,312356,351296
Madagascar,MDG,1.2,512.279665582666,82.52,19.35046577,3.77732444,3927.7,0.142653575143316,68,68,55,..,3.978,23.5493314888199,13.1693371507898,51.1722061354795,47.4,28.4,13.5,43.3,17.8593854,..,..,..,..,66.1,56281,32.26590347,6.24360273,27533134,13804538,13728596
Malawi,MWI,1.8,584.362867276266,72.1,30.01859474,5.13698387,1643.7,0.0871188127927116,95,95,92,..,4.072,15.2954169382637,42.8038378125311,69.4648756261317,17.6,11.3,4.3,18.2,22.34665143,..,..,..,..,45.6,28268,16.86334229,5.06213825,18867337,9168342,9698995
Malaysia,MYS,94.9,11132.1034532052,5.59,427.46286011,3.83884454,244882,7.46499971649816,98,97,97,2.1154,1.834,..,95.8802336493616,97.0903674239334,2.6,22.8,1.2,44.3,16.59099631,13.4419298171997,62.9572906494141,92.5739517211914,75.0393829345703,7.9,4058,36.0626564,154.15446906,32804020,16794024,16009996
Maldives,MDV,99.3,11118.5262346524,1.11,851.50939941,7.66067553,1999.5,3.96326718307737,98,98,99,2.0527,1.736,95.8209195359725,98.2684279207159,99.5272078072488,..,25.9,6.4,45.3,10.94405416,..,..,..,..,7,52,17.46362114,148.70437282,504508,291624,212884
Mali,MLI,0.900000000000001,840.175746132551,66.91,32.61206436,3.88156676,3937.4,0.191438655613848,77,77,70,..,6.103,16.8865958673107,44.7976967244774,79.2797151051117,5.6,8.6,1.1,16.1,60.62414043,1.51215994358063,4.24314022064209,12.9533596038818,7.70513010025024,103.1,86719,30.97203636,10.10062056,20567424,10387581,10179843
Malta,MLT,100,31506.5568445964,7.4,2943.63134766,9.23917389,1658.6,3.29046823605033,98,98,96,..,1.14,..,99.9644988230789,100,2.5,24.5,21.8,27.1,12.9910498,..,..,..,..,6.1,27,34.13112259,1004.69440436,504062,259854,244207
Marshall Islands,MHL,66.1,5188.97111429082,12.08,782.23565674,14.82552052,152.3,3.40502593453765,79,82,85,..,2.824,85.0449834720462,81.3284518768247,85.7156629279255,..,28.4,8.3,48.5,9.044039796,..,..,..,..,31.8,32,1.10943425,8.67839029,44728,22874,21855
Mauritania,MRT,47.2,1839.96277798478,24.98,60.2051506,3.34527016,3824.8,0.872475306517173,80,80,75,..,4.521,45.9132694564613,49.5893944954558,72.5443131435372,9.2,11.1,2.2,19.9,66.8117824,..,..,..,..,43.2,6261,45.2381897,27.23571836,4383849,2145130,2238719
Mauritius,MUS,98.8,11403.2528942201,8.94,671.86047363,6.200562,4173.7,3.296800515014,96,97,99,2.5912,1.4,..,..,99.9621987210459,7.2,20.5,3.1,37.9,14.91383169,..,..,..,..,15.9,212,45.72070313,307.17933433,1265985,625555,640430
Mexico,MEX,84.6,10145.1526279593,10.27,552.70422363,5.44627905,451828.8,3.6121651406375,82,56,73,2.4253,1.916,92.845159353106,90.7765580654672,99.1153530172831,6,13.4,6.4,20.4,20.12401203,..,..,..,..,14.2,28548,42.28219223,233.69546815,125085311,61187228,63898082
"Micronesia, Fed. Sts.",FSM,13.1,3699.08151446862,1.98,420.57949829,11.2604599,148.2,1.33059194282585,78,84,78,..,2.801,..,90.4539007167041,90.1142911078532,..,..,..,..,10.38285056,..,..,..,..,26.4,62,2.61459732,10.99646054,111379,56072,55307
Moldova,MDA,97.2,4404.95042249597,22.04,284.30636597,6.36946964,8921.6,3.34866737931946,91,94,97,2.5586,1.78,..,82.9898264033017,90.6956869576304,..,28.7,6.2,51.2,13.74739724,22.2035808563232,73.5008773803711,99.3357620239258,96.1118087768555,14.7,620,35.69294357,101.47730019,2664224,1266405,1397819
Monaco,MCO,100,199382.781206882,..,3055.43920898,1.53244889,..,..,99,99,88,..,..,..,100,100,..,..,..,..,11.66888949,..,..,..,..,3.1,1,7.90802622,241.62494191,37034,18145,18890
Mongolia,MNG,49.9,4394.94715010112,3.32,182.86535645,4.16080856,23146.9,7.16083565614723,98,98,98,..,2.937,84.3534834834619,67.7923396064621,81.4356125956715,4,29.6,7.2,52,38.05757134,..,..,..,..,16,1206,30.96385384,56.62216557,3232430,1606094,1626335
Montenegro,MNE,62,8909.65333601178,38.74,732.34954834,8.32983208,2601.1,4.18164455619361,85,62,33,2.7197,1.77,..,97.5022993595498,98.6814038394913,2.5,31.8,31.3,32.3,21.25685256,..,..,..,..,2.7,20,38.55628967,282.36681476,622028,303303,318725
Morocco,MAR,98.2,3498.58251953125,10.57,177.24794006,5.36818361,70986.3,1.95530801659126,99,99,99,..,2.382,..,86.3282340120945,84.9818507597581,4.4,14.9,0.9,28.8,35.05284088,..,..,..,..,19.5,13127,46.10972214,81.7285313,36304408,18281786,18022621
Mozambique,MOZ,4.9,508.163403756662,78.34,40.41281128,7.95271826,7530.2,0.248639658557146,88,88,87,0.0846,4.783,..,33.350311214661,57.5753680766886,31.8,14.8,5.9,23.7,20.77406654,..,..,..,..,73.5,80655,9.52183533,3.84804143,30285595,14851787,15433808
Myanmar,MMR,35.2,1295.20148745222,58.89,61.15328217,4.67856407,33995,0.640928810767197,90,90,84,0.7369,2.2,74.4719549274603,73.1653187541976,78.9093353384479,2.5,45.1,20.8,69.4,29.43314277,10.5910997390747,21.8565692901611,59.7655715942383,38.507568359375,44.8,41910,75.95468903,46.44878506,53040212,26423311,26616900
Namibia,NAM,46.5,5126.17614281673,30.23,431.81781006,8.45436001,4316.3,1.76417165717612,87,87,80,..,3.404,..,34.9607746948101,84.8394848926625,18.9,15.5,6.3,24.6,24.19978552,..,..,..,..,41.9,2908,7.93390608,34.26001747,2446644,1181378,1265266
Nauru,NRU,100,10316.5250416633,0.62,1158.77087402,12.18192387,53.4,4.40158259149357,96,96,95,..,3.618,..,65.9320445778152,97.003356247305,..,49.2,49.9,48.4,5.857163356,..,..,..,..,29.6,10,0.79029912,9.15775637,12132,6177,5955
Nepal,NPL,32.9,1185.68231813605,77.18,52.83312607,4.44525433,13860.5,0.480724943133609,93,93,92,0.8091,2.08,60.7986115185935,72.8801279481259,90.2863663521825,4.8,31.5,13.8,49.1,83.10319363,..,9.46926975250244,34.0950393676758,24.7163696289062,29.3,17603,57.91304016,30.59727036,28832496,13704208,15128288
Netherlands,NLD,100,52476.2732533318,8.61,5340.61279297,10.14039612,145939.237,8.41396927991521,94,92,94,3.7689,1.57,..,97.6944078516514,100,2.5,22.6,20.3,24.8,12.0392862,..,..,..,..,4,688,10.5655756,564.26647875,17344874,8615129,8729744
New Caledonia,NCL,..,34934.5794941128,5.23,..,..,..,..,..,..,..,..,2.1,..,100,99.0719681561738,6.8,..,..,..,..,..,..,..,..,..,..,..,..,271240,135381,135859
New Zealand,NZL,100,42796.4305818389,27.93,4081.59082031,9.48335075,34008.2,6.83005302056555,92,92,92,3.5149,1.72,..,100,100,2.5,14.2,12.8,15.5,6.048305496,..,..,..,..,4.9,295,12.14976311,495.90365118,4979200,2461701,2517499
Nicaragua,NIC,55.2,1905.63831305189,50.72,161.98634338,8.55957031,5131.9,0.770101819888702,98,98,99,..,2.377,..,72.9693990502626,81.6122389735586,17.5,..,..,..,20.43900913,..,..,..,..,14.9,2121,33.21761322,53.80799192,6663924,3284332,3379591
Niger,NER,2.5,550.963543141805,80.74,31.21994209,5.66862822,2159.15,0.092100576055693,81,81,79,0.0381,6.961,22.3814819360397,14.7900382805354,47.3666848215679,..,7.6,1.2,13.9,80.10926696,..,..,..,..,117,118335,46.09529114,14.39092251,23443393,11889761,11553632
Nigeria,NGA,12.8,2334.02354308408,80.81,69.68148041,2.98547053,119544.1,0.588005207479626,56,56,57,..,5.379,30.7168434063761,43.27675278374,74.7241263304551,12,3.9,0.5,7.2,70.39625682,4.65197992324829,29.5156097412109,55.0242500305176,34.9043312072754,116.8,873031,71.49702454,49.82018778,203304492,102680839,100623652
North Macedonia,MKD,77.2,6070.38805358275,17.05,421.38973999,7.06654119,7956.1,3.83113737507789,92,92,75,..,1.34,..,97.8791714606684,97.7256237924336,3.1,..,..,..,30.26931856,..,..,..,..,6.8,144,39.08806229,164.71308774,2076694,1035939,1040755
Northern Mariana Islands,MNP,..,23687.2718520599,0,..,..,..,..,..,..,..,..,..,..,79.6865064689771,100,..,..,..,..,8.151978907,..,..,..,..,..,..,..,..,49858,26731,23127
Norway,NOR,100,76430.5889473338,60.6,8007.35546875,10.5360651,37661.6,7.04232094266605,97,96,97,4.94,1.53,..,98.0521507255644,99.9999987035841,2.5,17.1,16.2,17.9,6.642383374,34.3511581420898,78.7847900390625,99.6461868286133,99.0942230224609,2.4,130,13.91862011,1114.5133933,5347896,2695841,2652054
Oman,OMN,100,19132.1522739094,0.01,728.25482178,4.39142513,75744.8,16.4563584347506,99,99,99,1.9301,2.776,97.4,99.3200376001363,91.8882639823975,8.8,7.9,0.4,15.4,44.57247023,..,..,..,..,10.6,959,5.9613471,43.41379755,4602768,2924701,1678067
Pakistan,PAK,47.6,1437.1658337701,45.88,37.22461343,2.84736937,184096.3,0.824459652346009,84,84,81,1.1179,3.62,75.9873110440202,65.3899355736604,90.1906503511874,14.1,20.8,7.7,33.9,62.57424987,..,10.1383695602417,42.4178695678711,22.0678291320801,67.5,422509,56.28123103,20.95047069,223293280,113015042,110278237
Palau,PLW,44.65,15567.0908684974,0.86,2402.77954102,15.71146011,217.4,12.1344050011163,97,98,97,..,..,..,98.2917744262002,99.5515887428089,..,17.9,8.1,27.6,6.873805482,..,..,..,..,17.4,5,11.82730484,284.18406664,17916,9379,8537
Panama,PAN,100,16472.8317548406,18.91,1318.03759766,8.32831192,13099.9,3.09505043316861,88,88,97,1.6324,2.375,..,83.3785517603304,94.182498815948,5.4,5.3,2.3,8.2,13.20059479,22.3413105010986,51.7599983215332,87.4499969482422,65.6900024414062,14.8,1153,36.57320404,482.04860725,4232532,2118501,2114030
Papua New Guinea,PNG,9.3,2593.77579783693,53.12,60.31322479,2.32528329,7467.5,0.782552890305524,35,35,37,0.0661,3.322,29.7301407523652,19.1492872746707,47.0767255901086,21.9,39.9,25.6,54.2,16.2311858,..,..,..,..,45.5,11306,9.52710056,5.74610165,9542486,4936763,4605722
Paraguay,PRY,68.5,5807.83881414187,60.09,415.88879395,7.16429377,8101.6,1.24066887329392,86,86,87,..,2.525,80.1131748902506,91.7156741252874,99.5911140188522,8.2,12.1,4.7,19.5,12.51891553,16.8359909057617,41.7799987792969,75.2099990844727,51.0400009155273,19.4,2691,41.96775436,174.53918577,6530026,3280434,3249592
Peru,PER,82.4,6955.88176963678,27.14,366.56491089,5.21140051,56972.2,1.73564177469023,88,88,85,..,2.242,..,76.7094387871209,93.0032366873463,8.1,8.7,3.2,14.1,30.82669477,..,50.2799987792969,67.0899963378906,55.4500007629395,14.9,8693,28.13241577,103.12357045,32824861,16268182,16556679
Philippines,PHL,46.3,3413.8490672059,26.8,142.23664856,4.16646004,145871.3,1.32152779028498,71,71,75,..,2.805,81.6949782681515,81.2510265893959,93.6373567501473,5.5,23.4,6.7,40,18.82613108,27.0102195739746,33.2240982055664,84.530891418457,73.3515701293945,27.3,66326,48.78687668,69.39282548,110380804,56011134,54369671
Poland,POL,100,15700.0135796738,15.62,1014.03820801,6.44682503,294948.3,7.76885578278686,95,91,93,..,1.44,..,98.9575335757009,91.8196871808371,2.5,24.7,20.7,28.6,22.6420051,..,..,..,..,4.4,1728,20.44481277,207.31822029,37965475,18370296,19595179
Portugal,PRT,100,23330.8172889316,28.19,2221.73095703,9.51379871,44564.7,4.33244804259817,99,98,99,5.4837,1.43,..,99.6451165848976,99.2195941125794,2.5,25.3,20,30.6,8.254802244,23.2236309051514,42.2028999328613,90.2518692016602,57.4131813049316,3.4,295,30.6072464,680.01071667,10286263,4855992,5430271
Puerto Rico,PRI,..,32916.866800639,2.42,..,..,..,..,..,..,..,..,0.982,..,100,100,..,..,..,..,6.85168132,..,..,..,..,..,..,..,..,3193694,1513740,1679953
Qatar,QAT,100,62827.3969543275,0.06,2207.65429688,3.51384258,89486.8,31.8772030129291,98,98,99,..,1.834,..,99.9365458669077,99.9705334233432,..,12,2,21.9,76.04929303,..,..,..,..,6.1,176,10.19592667,225.09081599,2807235,2055936,751299
Romania,ROU,100,12957.9991142218,23.54,738.5581665,5.74023104,73942.8,3.81706295716296,88,90,90,..,1.77,..,86.5415830093919,99.9999996798846,2.5,28.4,20.2,36.5,15.67108952,..,64.5664215087891,98.4786834716797,88.8173980712891,7,1458,18.87716675,139.41885578,19371648,9377040,9994608
Russian Federation,RUS,78.5,11536.2587890625,3.22,653.99993896,5.64849091,1703588.7,11.7971941673637,97,97,98,4.1834,1.504,..,88.7074197923604,96.7955268787445,2.5,27.1,12.7,41.5,11.59553193,..,..,..,..,5.8,9327,36.57374573,239.19226901,144406261,67076532,77329730
Rwanda,RWA,3.2,806.128014394646,81.8,51.0831871,6.33025074,1451.1,0.113057797770289,98,98,96,0.1182,3.939,16.3799786583271,71.2065248746041,62.4117359707321,35.2,14.1,7.4,20.8,36.18491574,..,..,..,..,42.1,16305,12.13210678,6.19746619,12835028,6266092,6568936
Samoa,WSM,35.3,4308.30145287685,34.21,239.13195801,6.01635885,278.7,1.31521200537977,68,68,96,..,4.047,72.0274072767067,96.8442592798373,96.4228349677627,4.4,25.9,14.9,36.8,11.01483371,10.948260307312,42.7817802429199,95.1079177856445,92.4423065185547,17.5,104,10.72247601,25.64086578,211905,108147,103759
San Marino,SMR,100,47287.3983949924,..,3951.05102539,8.3529911,..,..,88,87,86,..,..,..,100,100,..,..,..,..,9.906728131,..,..,..,..,1.9,0,10.94548512,432.46170066,34178,16650,17527
Sao Tome and Principe,STP,3.09999999999999,1991.73826385183,38.62,104.94572449,5.22996283,140.2,0.6533115252168,95,95,95,0.4884,3.964,53.0103104075633,45.1201003296246,77.335780426244,13,5.8,1.4,10.1,31.05885758,3.50964999198914,..,..,..,17.1,108,18.28590775,19.19027791,214599,107123,107476
Saudi Arabia,SAU,100,23405.7061087736,0.03,..,..,526770.3,14.7030166496769,96,96,95,2.7528,2.504,..,95.3235759880439,98.6603423033735,3.9,14.2,2.1,26.3,61.50824107,..,..,..,..,7.3,4784,..,..,35827362,20836089,14991273
Senegal,SEN,28.6,1462.6783520711,36.89,65.75260925,4.49531031,12297.8,0.768574983933597,95,96,89,0.0881,4.517,21.8972934655641,57.0490341820529,82.6975294805221,7.4,7.1,0.7,13.5,60.21139678,2.11595010757446,4.68874979019165,16.6994209289551,8.94958972930908,41.8,21968,48.74660873,32.05216489,16000781,7860618,8140163
Serbia,SRB,78.2,7417.20658487785,21.53,641.03216553,8.66556168,46030.1,6.62757991630233,97,94,87,..,1.52,..,97.8970216521443,94.9123598279511,3.7,40.1,39,41.1,25.35417205,16.2885894775391,68.6044311523438,97.4143524169922,88.5748519897461,5.7,395,37.0638237,237.59102593,6945235,3330387,3614847
Seychelles,SYC,100,16851.1197648771,1.21,786.65087891,4.87495708,595.3,6.09782330345711,99,99,99,2.2518,2.36,..,100,96.2933996249077,..,20.6,6.6,34.6,15.5639189,..,..,..,..,14.4,25,25.21986198,198.39227877,97625,51368,46256
Sierra Leone,SLE,0.700000000000001,506.606908156498,75.44,44.81790924,8.84668446,1038.8,0.129094346244259,95,95,93,..,4.192,16.4402995214506,20.0997387688789,61.9298092529535,27.9,14.3,6.8,21.7,51.09606544,0.745980024337769,6.59352016448975,23.8464298248291,14.3607997894287,112.5,28847,55.1825676,24.73167414,8046828,4030454,4016374
Singapore,SGP,100,66070.4706679227,0.89,2826.01000977,4.41523695,45163.2,7.91841038479591,96,96,95,2.4601,1.14,..,100,100,..,16.6,5,28.1,18.76588248,30.793399810791,72.0738372802734,85.8339920043945,79.418701171875,2.4,98,28.43709755,803.63525094,5703569,2981453,2722116
Sint Maarten (Dutch part),SXM,..,35084.0351930602,0.05,..,..,..,..,..,..,..,..,1.601,..,..,..,..,..,..,..,..,..,..,..,..,..,..,..,..,41608,22120,19488
Slovak Republic,SVK,100,19381.592110485,17.64,1342.0748291,6.94772625,31032.5,5.68970729978492,97,97,96,3.565,1.57,..,97.5318448286994,99.7878178521954,3.7,31.5,25.4,37.6,18.36521464,24.5931396484375,84.3459167480469,99.7804565429688,98.8641204833984,5.8,333,19.15934563,257.13274936,5454147,2663171,2790976
Slovenia,SVN,100,26016.0786839136,20.86,2219.10058594,8.52314281,13665,6.54333372438511,95,..,94,3.277,1.61,..,98.4178934010152,99.5,2.5,22.3,19.8,24.7,16.96940443,24.2392902374268,79.4240036010742,99.7558364868164,97.6130905151367,2.3,46,11.66131687,258.77635324,2088385,1045795,1042591
Solomon Islands,SLB,8.9,2398.77296268603,48.36,103.80370331,4.46258593,304.8,0.451560238402472,94,94,81,..,4.104,38.6363929677589,34.4924126004925,67.1538021706971,17.8,36.8,19.6,53.9,12.89495904,..,..,..,..,20,412,3.67973828,3.81970424,674993,345031,329962
Somalia,SOM,3.1,405.786763279583,95.03,..,..,655.7,0.041029202880867,42,42,46,..,6.531,24.8699417135705,38.2309061647547,54.9344082547372,54.8,..,..,..,30.36142727,..,..,..,..,118.6,80448,..,..,15981300,8011375,7969926
South Africa,ZAF,87.1,6688.77474649645,8.84,550.48022461,8.24258327,446626,7.68890762322173,85,85,83,0.7923,2.475,44.2448240398932,75.3796452913204,93.3882436903298,6.3,20.4,6.7,34,28.67475434,2.57877993583679,54.322811126709,74.7251205444336,68.8977127075195,34.3,41542,5.71879625,31.48084423,58087055,28207948,29879107
South Sudan,SSD,0,..,31.56,23.71821594,4.65760946,1824.6,0.174641876951273,49,49,49,..,4.619,5.6,15.747277681583,40.841655390804,..,..,..,..,37.55277786,..,..,..,..,98.7,33058,22.64990425,5.37215311,10447666,5167140,5280526
Spain,ESP,100,29581.5185513293,16.68,2712.5090332,9.13947964,241886.5,5.13179880095904,95,95,98,4.4411,1.23,..,99.9193565738972,99.9258382744694,2.5,28.1,26.9,29.3,9.728788477,..,..,..,..,3.2,1165,21.76320267,590.32885063,47134837,23104636,24030201
Sri Lanka,LKA,30.2,4082.69404756548,46.13,142.05116272,3.66153812,23427.9,1.07452644131542,99,99,99,1.1539,2.019,85.3023545397291,92.487940769035,88.3914085074832,3.7,22.3,2.7,41.9,19.96439581,..,63.0099105834961,..,80.1704177856445,7.3,2326,51.07418823,72.55148197,21803000,10514808,11288193
St. Kitts and Nevis,KNA,100,23219.4090468738,1.29,1204.34094238,4.93305063,247.5,5.18737424547284,97,97,97,..,1.568,..,..,..,..,..,..,..,8.789142812,..,..,..,..,15.4,10,46.36796951,558.42837875,47712,23149,24562
St. Lucia,LCA,94.8,11726.6771483578,10.02,514.16442871,4.33346367,534.6,2.9935660169221,92,92,96,..,1.424,..,83.3723216143083,96.8875059264097,..,..,..,..,21.22131742,..,43.8231315612793,..,49.8538093566895,24.1,51,46.23881149,237.74350187,178583,88582,90001
St. Martin (French part),MAF,..,..,..,..,..,..,..,..,..,..,..,2.485,..,100,99.939423273643,..,..,..,..,..,..,..,..,..,..,..,..,..,33121,15749,17372
St. Vincent and the Grenadines,VCT,93.7,8680.24198247066,5.39,375.02581787,4.32406807,235.1,2.24066943692577,97,97,99,..,1.838,..,..,..,6.6,..,..,..,21.12973864,..,..,..,..,14.6,21,29.03186607,108.87699094,104924,53636,51288
Sudan,SDN,58,748.010925292969,59.64,35.98295401,4.63369366,22131.5,0.511922936509227,93,93,90,..,4.617,14.2600000000002,36.7782607644713,61.6056535311679,11.7,..,..,..,54.67729786,..,..,..,..,58.4,85393,66.50894389,23.93188269,43232093,21607642,21624451
Suriname,SUR,93.9,6690.04478601228,14.84,592.97576904,8.43241405,2656.82,4.42581305045302,77,77,64,..,2.394,72.0993563975831,89.2491425915073,97.5417735351336,8,..,..,..,21.17742119,..,..,..,..,18.3,201,15.37580109,91.17477362,600301,299437,300864
Sweden,SWE,100,51939.4297445291,52.87,5652.98974609,10.83224297,34964.6,3.40159396635064,98,97,97,..,1.71,..,98.8972906623906,99.7174099911848,2.5,24.8,19,30.5,5.647572855,29.0378894805908,77.1716918945312,100,91.8084030151367,2.6,301,13.71330547,775.21174359,10278887,5168880,5110007
Switzerland,CHE,100,84121.9310304414,24.76,9666.98046875,11.28695965,37376.3,4.35860986463416,96,69,95,4.3416,1.48,..,99.899872396117,99.9999987245773,2.5,25.7,23,28.3,9.902709701,..,83.7257232666016,99.5351028442383,96.8586730957031,4,344,25.29318237,2445.08704558,8575280,4253063,4322218
Syrian Arab Republic,SYR,96.9,1124.520554158,0.99,..,..,26840.4,1.33545948848982,54,54,65,..,2.835,84.284994103842,93.9559318319375,93.8729434874618,..,..,..,..,30.95362503,..,..,..,..,22.6,8205,..,..,20098251,10073931,10024320
Tajikistan,TJK,83.3,889.023371807526,40.07,61.76633072,6.9476676,8965.7,0.960233171179232,97,97,98,..,3.281,72.8273539598439,96.7725602586229,81.8151109661329,..,..,..,..,38.31858602,..,..,..,..,33.5,8770,71.2230072,43.99183653,9337003,4696898,4640105
Tanzania,TZA,5.59999999999999,1050.93237304688,83.54,39.56215286,3.87440205,14960.8,0.249877326981355,89,89,88,..,4.864,28.5221375889129,29.099388976813,56.5658481263889,23.4,9.2,3.5,14.9,24.74048013,..,..,..,..,50.4,108822,21.91386986,8.66959902,59872579,29563439,30309141
Thailand,THA,83.1,7628.57608699366,23.95,294.46008301,3.8583262,274466.7,3.84904375698898,97,97,96,0.9188,1.352,84.9416809628263,98.4205237102314,99.9648313601704,8,22.5,3,41.9,27.40271356,17.4759006500244,35.1133308410645,68.2362976074219,47.6268615722656,9,6162,8.51409531,25.07060941,71307763,34723388,36584375
Timor-Leste,TLS,12.85,1584.26382222333,11.67,79.26290131,5.95605564,617.6,0.482334951008952,90,90,85,0.7687,3.336,28.3303374796295,55.1898926962233,82.3841159192672,25,39.8,11.2,68.4,15.65130893,..,..,..,..,53.9,1757,10.48759174,8.31276888,1280438,653013,627425
Togo,TGO,9.8,848.304826917637,76.2,49.42482758,5.64253759,2442.3,0.296284380597868,84,84,75,0.0776,4.385,17.0523138830644,18.3495107376786,67.8121290467606,20.1,7.1,1.3,12.8,46.21037553,..,..,..,..,66.6,17619,67.19138336,33.20922436,8243094,4142015,4101080
Tonga,TON,82.9,4878.97818832247,1.77,229.94410706,4.74669981,161.5,1.53881335099237,99,99,99,..,3.315,69.5411143452097,94.5244604319356,98.7003534529294,..,31.1,15.2,47,10.58622123,9.81029987335205,..,96.163818359375,..,11.7,29,5.39891624,12.41449051,104951,51994,52956
Trinidad and Tobago,TTO,100,15690.9630952205,0.43,1071.89624023,6.82082558,17195.3,11.3130322937192,93,93,99,4.476,1.643,..,93.9152110121169,98.8751707692306,7.3,..,..,..,21.97072547,..,..,..,..,17.4,327,46.91285706,502.85712347,1519955,751897,768058
Tunisia,TUN,99.8,3477.84427052074,12.19,189.74969482,5.47337294,31045,2.57649522620126,98,98,98,..,2.148,84.4058998947847,96.3765731985838,96.1940901831773,2.6,25,2.1,47.8,30.42981942,..,..,..,..,16.9,3549,42.90058517,81.40372164,12049314,5962724,6086590
Turkiye,TUR,95.4,9103.01239697463,14.12,397.40911865,4.35956669,398772.9,4.77677115377788,99,99,97,1.9275,1.967,..,98.692989994129,96.8689641597761,2.5,30.9,18.9,42.9,26.03180162,..,35.9632682800293,85.7307662963867,56.3018608093262,10.1,13529,17.04763412,67.74885442,83481684,41866950,41614734
Turkmenistan,TKM,99.9,7180.4595520094,0.06,488.62384033,5.68183947,63231.8,10.2675361537537,99,99,99,..,2.74,..,99.00213592626,99.79292325362,3.5,5.8,0.5,11.1,26.19766251,9.8336296081543,27.7807903289795,99.6618881225586,98.0125885009766,42.8,6133,77.00280762,376.25409254,6158420,3050231,3108189
Turks and Caicos Islands,TCA,..,27795.1485608171,0.5,..,..,..,..,..,..,..,..,1.692,94.9314228859131,93.1348674325142,98.7522982439726,..,..,..,..,..,13.6274499893188,74.8123931884766,95.1589202880859,87.0352401733398,4.8,3,..,..,43080,21739,21341
Tuvalu,TUV,72.5,4940.0506820692,6.51,1033.86682129,20.88978577,8.9,0.812340270171595,92,92,96,..,3.199,94.0399263369622,83.499603826937,99.1992660756145,..,36,21.7,50.3,6.02840838,..,31.4083805084229,92.2201919555664,58.069278717041,22.7,6,0.32330775,3.34257139,10956,5654,5301
Uganda,UGA,0.800000000000001,823.024732829946,91.62,33.40487289,3.79804969,5943,0.138373161893107,93,93,87,..,4.809,26.6396920690785,20.4080904532095,54.3266872423468,..,8.9,4,13.7,35.21822646,..,..,..,..,45.6,71323,38.26028442,12.78080046,42949080,21241606,21707475
Ukraine,UKR,95.2,3661.45776367188,7.44,246.9130249,7.09389353,174599.9,3.93365253612705,80,76,93,..,1.228,..,97.7415991917121,93.5115778266462,2.6,26.2,11.6,40.7,14.53144476,..,..,..,..,8.5,3234,51.11891937,126.21927278,44386203,20561786,23824417
United Arab Emirates,ARE,100,45376.1708390447,0.67,1947.1307373,4.29904938,185645.7,20.1533448325312,99,98,99,2.6011,1.334,..,99.0984800860555,100,6,..,..,..,43.66702552,47.7518501281738,71.3130874633789,90.7799377441406,81.9970016479492,6.8,624,12.55036926,244.37211934,9211657,6443813,2767844
United Kingdom,GBR,100,42747.080460496,11.39,4265.20117188,9.87480068,345934.3,5.17584247261224,93,93,91,2.9093,1.63,..,99.108060025279,99.999997344305,2.5,16.1,14.2,17.9,10.09284402,..,..,..,..,4.3,3136,16.38647461,698.91614726,66836327,33000535,33835792
United States,USA,100,65120.3946628653,10.42,10661.02832031,16.67647362,4817710.4,14.6733807134556,94,91,90,..,1.706,..,99.6844350554525,99.7446309234849,2.5,23.4,17.8,28.9,7.663692516,..,..,..,..,6.4,24454,11.32606125,1207.47458549,328329953,162730147,165599805
Uruguay,URY,100,18098.361548609,59.34,1677.09790039,9.39027691,6806.7,1.98538155745128,94,94,96,..,1.546,..,97.7678001669948,99.4872379896577,2.5,22,18.8,25.1,9.533862914,14.2266597747803,33.1399993896484,91.5999984741211,59.5,6.8,268,15.46145821,259.30380229,3428409,1659147,1769262
Uzbekistan,UZB,83.5,1795.20176845657,1.56,98.5874176,5.43133879,117687.8,3.50466269708326,96,96,98,..,2.785,81.6222221138787,95.9392178524971,95.6274361480504,2.5,17.8,1.1,34.5,34.78609557,13.3125896453857,95.8122406005859,100,99.876579284668,15.4,12082,57.68497086,56.87011921,33580350,16797144,16783206
Vanuatu,VUT,7.6,3076.58988588361,31.63,101.97441101,3.31453276,166.9,0.548284516629216,90,90,80,..,3.813,62.6986579630054,48.3408689974498,90.0654259004521,12.4,18.2,2.7,33.7,12.88296752,..,..,..,..,24.7,226,8.07740307,8.23688401,304404,153149,151256
"Venezuela, RB",VEN,95.9,..,15.77,113.25978851,2.18563724,107502.3,3.71059907013341,64,64,93,..,2.25,..,96.7597095990301,93.8628955693026,24.9,..,..,..,21.74698878,..,..,..,..,24.2,12747,34.12151718,38.64596125,28971683,14365872,14605811
Viet Nam,VNM,93,3491.09127859728,20.65,173.65045166,5.03395176,341716.8,3.56784836932601,89,89,95,..,1.948,87.7457732686581,86.6378024979776,95.9890536474813,6.2,25,2.2,47.8,20.3898157,9.50352001190186,29.5268402099609,86.2658004760742,61.2890892028809,21.1,31702,45.11717224,78.34617034,95776716,47288433,48488283
Virgin Islands (U.S.),VIR,..,38596.0307118282,4.91,..,..,..,..,..,..,..,..,2.05,..,99.1033471580671,98.7182673758686,..,..,..,..,8.996021018,..,..,..,..,..,..,..,..,106669,50196,56473
West Bank and Gaza,PSE,..,3656.85827137011,13.86,..,..,..,..,99,99,99,..,3.642,94.9242695725112,98.153109880908,97.5865067324122,..,..,..,..,31.30254529,22.7493000030518,48.9844589233398,91.3298263549805,74.2296371459961,15.9,2301,..,..,4685306,2334948,2350358
"Yemen, Rep.",YEM,61.4,693.816483547342,3.01,..,..,11194.8,0.354864476911382,73,73,67,..,3.963,..,53.6269388377599,59.7165798384097,42.8,20.5,8.3,32.6,44.46696713,..,..,..,..,61.6,60853,..,..,31546691,15953578,15593113
Zambia,ZMB,11.5,1268.12094056241,81.48,67.4577713,5.31950092,7615.7,0.414336363523101,88,88,93,..,4.451,17.8253363195009,35.4594671468657,66.8533983785744,..,14.6,3.9,25.3,25.92546019,..,..,..,..,62.6,39801,10.21756363,6.89254087,18380477,9066397,9314079
Zimbabwe,ZWE,30.2,1421.86859641758,81.52,54.80850601,3.65976548,10185.3,0.663338328142275,90,90,85,..,3.599,42.419838127544,35.7743358079873,63.0949538019092,..,12.1,1.6,22.5,20.83469969,4.49608993530273,10.5897798538208,70.5720367431641,..,52.7,25332,9.08337116,4.97846005,15354608,7231989,8122618


Actual Variable Name,Used Variable Name
Time,2019
Access to clean fuels and technologies for cooking (% of population) ,CF
GDP per capita (current US$),GDP
Renewable energy consumption (% of total final energy consumption) ,RE
Current health expenditure per capita (current US$) ,CHE
Current health expenditure (% of GDP),CHE_GDP
CO2 emissions (kt),CO2
CO2 emissions (metric tons per capita),CO2m
"Immunization, DPT",IMD
"Immunization, HepB3",IMH
"Immunization, measles",IMM
"Physicians (per 1,000 people)",P
"Fertility rate, total (births per woman)",F
People with basic handwashing facilities including soap and water (% of population),Handwash
People using at least basic sanitation services (% of population) ,Sanitation 
People using at least basic drinking water services (% of population),Water
Prevalence of undernourishment (% of population),U
Prevalence of current tobacco use (% of adults),Tobacco
"Prevalence of current tobacco use, females (% of female adults)",Tobacco_fem
"Prevalence of current tobacco use, males (% of male adults) ",Tobacco_m
"PM2.5 air pollution, mean annual exposure (micrograms per cubic meter) ",PM
"Educational attainment, at least Bachelor's or equivalent, population 25+, female (%) (cumulative) ",EAB
"Educational attainment, at least completed upper secondary, population 25+, female (%) (cumulative) ",EAS
"Educational attainment, at least completed primary, population 25+ years, female (%) (cumulative)",EAP
"Educational attainment, at least completed lower secondary, population 25+, female (%) (cumulative) ",EAL
"Mortality rate, under-5 (per 1,000 live births)",Mortality 
Number of under-five deaths,Deaths
Out-of-pocket expenditure (% of current health expenditure) ,OAP
Out-of-pocket expenditure per capita (current US$) ,OAPc
"Population, total ",Population 
"Population, male",Population_m
"Population, female",Population_f